id,location,outfit,eatery,vibe,ending,flair
1,"Surulere, outside a suya spot",Red/Black Zillman long sleeve jersey + black frayed stacked jeans + white striped sneakers,Local suya restaurant,"Golden hour sunset, smoke from the suya grill in the air, danfo buses parked on the side",casually walks out of frame to the right,Suya vendor standing in the far background
2,"Victoria Island, outside a fancy rooftop restaurant",Black quilted hooded puffer vest + black graphic tee + black leather pants + skull belt,Fancy rooftop eatery,"Blue hour dusk, city skyline lights coming on","walks into the bar, holds the door open","Luxury SUV parked behind you on the street, 'MuddyHits' text watermark in corner"
3,"Ikeja, outside a popular amala joint",White 'How To Stay Cool' sleeveless graphic tee + light wash jeans,Popular amala restaurant,"Warm dusk light, plates of amala and ewedu on a nearby table",greets the barber with a head nod as he walks off,Local customers eating at plastic tables in background
4,"Lekki Phase 1, sunset beach road",Black sleeveless green ski mask graphic tee + matching black shorts + snake print ski mask + backpack,Beach bar,"Sunset golden hour, ocean visible behind palm trees",walks into the studio door,Surfboard leaning against a wall near you
5,"Yaba, outside a streetwear shop",Red/Black Zillman long sleeve jersey + black frayed stacked jeans + white striped sneakers,Fast food spot next to the shop,"Late night, neon shop signs glowing wet pavement after rain",hops on an okada (motorcycle) ride as he leaves,Custom ankara jackets hanging in the shop window
6,"Festac Town, 24hr cold room",Black quilted hooded puffer vest + black graphic tee + black leather pants + skull belt,Late night fried rice spot,"Midnight, fluorescent light from the cold room",gets into his grey Dodge Challenger parked out front,Street vendor selling cold drinks on the sidewalk
7,"Oniru, outside a concert venue",White 'How To Stay Cool' sleeveless graphic tee + light wash jeans,Food truck outside the venue,"Pre-show golden hour, concert marquee sign with your name",greets the barber with a head nod as he walks off,Line of fans waiting to get in behind you
8,"Ajah, local bakery",Black sleeveless green ski mask graphic tee + matching black shorts + snake print ski mask + backpack,Bakery,"Early morning, sunrise light, smell of fresh bread",carries a stack of custom show posters as he leaves,Stack of puff puff on a counter next to you
9,"Oshodi, busy market street",Red/Black Zillman long sleeve jersey + black frayed stacked jeans + white striped sneakers,Local canteen,"Dawn, market stalls setting up",hops on an okada (motorcycle) ride as he leaves,Danfo buses passing in the far background
10,"Banana Island, mansion gate",Black quilted hooded puffer vest + black graphic tee + black leather pants + skull belt,Private estate restaurant,"Golden hour sunset, luxury homes behind you",walks down a forest path away from the camera,Your grey Dodge Challenger parked at the gate next to the mic
11,"Ikoyi, upscale cocktail bar",Black quilted hooded puffer vest + black graphic tee + black leather pants + skull belt,Fancy cocktail bar,"Blue hour dusk, warm neon bar sign glow","walks into the bar, holds the door open",'MuddyHits' text watermark in corner
12,"Gbagada, barbershop",White 'How To Stay Cool' sleeveless graphic tee + light wash jeans,Local shawarma spot next to the barber shop,"Late night, neon barber pole sign",greets the barber with a head nod as he walks off,Barber standing in the shop doorway behind you
13,"Mushin, local music studio",Black sleeveless green ski mask graphic tee + matching black shorts + snake print ski mask + backpack,Late night jollof rice spot,"Midnight, hand-painted 'Afrobeats Studio' sign glowing",walks into the studio door,Studio speaker stack visible in the background
14,Apapa port area,Red/Black Zillman long sleeve jersey + black frayed stacked jeans + white striped sneakers,Local street food canteen,"Golden hour sunset, container trucks in background",hops on an okada (motorcycle) ride as he leaves,Okada driver waiting for him on the sidewalk
15,"Maryland, shopping mall",Black quilted hooded puffer vest + black graphic tee + black leather pants + skull belt,Food court exit,"Late night, mall lights reflecting on wet pavement",gets into his grey Dodge Challenger parked out front,Your face on a billboard for MuddyHits above the mall entrance
16,"Ilupeju, ankara fashion shop",White 'How To Stay Cool' sleeveless graphic tee + light wash jeans,Local meat pie bakery,Warm afternoon sunlight,holds up a custom ankara jacket as he walks off,Mannequins with ankara designs outside the shop
17,Magodo residential estate,Shirtless + black leather pants + gold iced watch,Private estate restaurant,"Golden hour sunset, bungalows with red roofs",walks into the gate of a luxury home,White dog walking in the background
18,"Ogba, print shop",Black sleeveless green ski mask graphic tee + matching black shorts + snake print ski mask + backpack,Late night indomie spot,"Midnight, neon 'PHARMACY' sign next door",carries a stack of custom show posters as he leaves,Your album posters displayed in the shop window
19,Badagry coastal town,Red/Black Zillman long sleeve jersey + black frayed stacked jeans + white striped sneakers,Seafood restaurant,"Sunset golden hour, coconut trees, ocean view",holds red baseball bat over his shoulder as he walks off,Old colonial-style buildings in the background
20,Lekki Conservation area,Black quilted hooded puffer vest + black graphic tee + black leather pants + skull belt,Outdoor jungle restaurant,"Golden hour, tall palm trees, greenery",walks down a forest path away from the camera,Monkeys climbing trees in the far background
21,"Ikorodu, outside a local football viewing center",White 'How To Stay Cool' sleeveless graphic tee + light wash jeans,Street food spot next to the viewing center,"Match night, blue hour, TV light glowing from inside",casually walks out of frame to the right,"People cheering inside, TV visible through the window"
22,"Ikotun, outside a popular church entrance",Black quilted hooded puffer vest + black graphic tee + black leather pants + skull belt,Food vendor outside the church,"Sunday morning, bright sunlight, church crowd","walks into the bar, holds the door open","Church sign, ushers standing by the door"
23,"Ojota, busy interchange",Red/Black Zillman long sleeve jersey + black frayed stacked jeans + white striped sneakers,Local roadside canteen,"Rush hour dusk, traffic lights, danfo buses",greets the barber with a head nod as he walks off,Traffic of danfo buses with headlights on in distance
24,"Agege, outside a bread bakery",White 'How To Stay Cool' sleeveless graphic tee + light wash jeans,Bakery,"Early morning sunrise, fresh bread smell",holds up a custom ankara jacket as he walks off,Giant stacks of Agege bread on display
25,"Oworonshoki, waterfront street",Black sleeveless green ski mask graphic tee + matching black shorts + snake print ski mask + backpack,Street seafood spot,"Dusk, lagoon view, canoes in the distance",walks into the studio door,Canoes on the lagoon in the background
26,"Abule Egba, outside a popular mechanic shop",Red/Black Zillman long sleeve jersey + black frayed stacked jeans + white striped sneakers,Local canteen next to the shop,"Late afternoon, car engines, grease, golden light",gets into his grey Dodge Challenger parked out front,"Cars being repaired, your Challenger in the lot"
27,"Alimosho, outside a video rental shop",Black quilted hooded puffer vest + black graphic tee + black leather pants + skull belt,Street food spot,"Retro 90s vibe, dusk, old Nollywood posters",walks down a forest path away from the camera,Old Nollywood movie posters on the walls
28,"Isolo, outside a fashion design studio",White 'How To Stay Cool' sleeveless graphic tee + light wash jeans,Local shawarma spot,"Warm afternoon, tailor working in the window",holds up a custom ankara jacket as he walks off,Custom made agbada outfits on mannequins
29,"Okota, outside a local pharmacy",Black sleeveless green ski mask graphic tee + matching black shorts + snake print ski mask + backpack,Late night indomie spot,"Midnight, glowing green pharmacy sign, wet street",carries a stack of custom show posters as he leaves,Neon 'PHARMACY' sign glowing at night
30,"Ketu, bustling market street",Red/Black Zillman long sleeve jersey + black frayed stacked jeans + white striped sneakers,Local canteen,"Market day, midday, women selling fruits and vegetables",casually walks out of frame to the right,Women selling fruits and vegetables on the sidewalk
31,"Mile 2, highway overpass",Black quilted hooded puffer vest + black graphic tee + black leather pants + skull belt,Roadside suya spot,"Sunset, highway traffic, okadas",holds red baseball bat over his shoulder as he walks off,Traffic of okada (motorcycles) in the distance
32,"Iyana Ipaja, outside a popular hotel",White 'How To Stay Cool' sleeveless graphic tee + light wash jeans,Hotel restaurant,"Blue hour, hotel neon sign, valet","walks into the bar, holds the door open","Hotel sign, valet standing by the entrance"
33,"Ilashe, beach resort street",Shirtless + black leather pants + gold iced watch,Beach restaurant,"Golden hour, beach umbrellas, ocean breeze",walks down a forest path away from the camera,"Beach umbrellas, ocean breeze moving palm trees"
34,"Marina, downtown Lagos",Black quilted hooded puffer vest + black graphic tee + black leather pants + skull belt,Upscale restaurant,"Night time, tall glass buildings, city lights",gets into his grey Dodge Challenger parked out front,"Tall office buildings with glass facades, city lights"
35,"Jibowu, outside a popular eba soup spot",Red/Black Zillman long sleeve jersey + black frayed stacked jeans + white striped sneakers,Local eba soup spot,"Dusk, locals sitting at plastic tables",greets the barber with a head nod as he walks off,Locals sitting at plastic tables eating
36,"Fadeyi, outside a vintage record shop",White 'How To Stay Cool' sleeveless graphic tee + light wash jeans,Local shawarma spot,"Retro afternoon, old Afrobeat vinyls on display",holds up a custom ankara jacket as he walks off,Old Afrobeat vinyl records displayed in the window
37,"Iponri, outside a gym entrance",Shirtless + black leather pants + gold iced watch,Protein shake bar next to the gym,"Early morning sunrise, gym lights",walks into the gate of a luxury home,Guys lifting weights visible through the glass door
38,"Surulere, outside a popular club",Black quilted hooded puffer vest + black graphic tee + black leather pants + skull belt,Club entrance,"Late night, club neon signs, line of people","walks into the bar, holds the door open","Line of people waiting to get in, bouncer at the door"
39,Lekki Conservation area,White 'How To Stay Cool' sleeveless graphic tee + light wash jeans,Outdoor jungle restaurant,"Midday, bright sunlight, green jungle, wildlife",casually walks out of frame to the right,"Monkeys, tall palm trees, greenery"
40,"Tarkwa Bay, beach street",Black sleeveless green ski mask graphic tee + matching black shorts + snake print ski mask + backpack,Beach bar,"Sunset, waves, surfboards",carries a stack of custom show posters as he leaves,"Surfboards leaning against a wall, ocean waves in background"
